"Subnational electricity consumption, Great Britain, 2011",,,,,,,,,,,,
"This table shows the electricity consumption and the number of electric meters by local authority. Country/region totals are shown where the local authority is specified as ""All local authorities"". ",,,,,,,,,,,,
"Some consumption within given countries/regions could not be allocated to specific local authorities. This consumption is shown in the rows where ""Unallocated"" is specified in the local authority column.",,,,,,,,,,,,
"Freeze panes are active on this sheet. To turn off freeze panes select the 'View' ribbon then 'Freeze Panes' then 'Unfreeze Panes' or use [Alt W, F].",,,,,,,,,,,,
Code,Country or region,Local authority,"Number of meters
(thousands):
Domestic
","Number of meters
(thousands):
Non-Domestic","Number of meters
(thousands):
All meters","Total consumption
(GWh):
Domestic
","Total consumption
(GWh):
Non-Domestic","Total consumption
(GWh):
All meters","Mean consumption
(kWh per meter):
Domestic
","Mean consumption
(kWh per meter):
Non-Domestic","Mean consumption
(kWh per meter):
All meters","Mean domestic
consumption
(kWh per household)"
,Great Britain,All local authorities,"27,301.2","2,385.9","29,687.1","111,321","175,040","286,361","4,078","73,365","9,646","4,339"
,England,All local authorities,"23,113.2","2,027.1","25,140.3","94,648","146,792","241,440","4,095","72,416","9,604","4,307"
UKC,North East,All local authorities,"1,195.1",80.5,"1,275.5","4,209","7,472","11,681","3,522","92,849","9,158","3,745"
UKD,North West,All local authorities,"3,139.4",233.2,"3,372.6","12,406","18,610","31,015","3,952","79,797","9,196","4,143"
UKE,Yorkshire and The Humber,All local authorities,"2,338.2",178.2,"2,516.5","8,884","15,239","24,123","3,799","85,510","9,586","4,014"
UKF,East Midlands,All local authorities,"1,984.7",155.4,"2,140.1","7,985","12,598","20,582","4,023","81,066","9,618","4,231"
UKG,West Midlands,All local authorities,"2,371.0",192.5,"2,563.5","9,747","14,862","24,609","4,111","77,194","9,600","4,265"
UKH,East,All local authorities,"2,547.2",213.6,"2,760.8","11,193","14,954","26,147","4,394","70,017","9,471","4,631"
UKI,London,All local authorities,"3,396.1",398.5,"3,794.6","13,374","26,572","39,946","3,938","66,676","10,527","4,113"
UKJ,South East,All local authorities,"3,712.4",329.5,"4,041.9","16,361","22,660","39,021","4,407","68,765","9,654","4,616"
UKK,South West,All local authorities,"2,429.1",245.6,"2,674.7","10,489","13,826","24,315","4,318","56,289","9,091","4,643"
UKL,Wales,All local authorities,"1,374.9",123.6,"1,498.5","5,287","9,939","15,226","3,845","80,439","10,161","4,055"
UKM,Scotland,All local authorities,"2,747.0",211.9,"2,958.9","11,150","15,508","26,658","4,059","73,199","9,010","4,692"
,Unallocated,All local authorities,66.1,23.4,89.5,236,"2,801","3,037","3,572","119,775","33,948",
00EJ,North East,County Durham,236.4,15.3,251.7,821,"1,187","2,008","3,475","77,734","7,979","3,688"
00EH,North East,Darlington,49.2,3.5,52.7,178,258,436,"3,624","73,464","8,282","3,846"
00CH,North East,Gateshead,93.0,6.2,99.1,315,552,867,"3,390","89,212","8,747","3,558"
00EB,North East,Hartlepool,42.1,3.0,45.1,146,244,390,"3,458","82,308","8,644","3,629"
00EC,North East,Middlesbrough,60.6,4.1,64.7,212,394,606,"3,500","96,378","9,371","3,737"
00CJ,North East,Newcastle upon Tyne,125.1,9.7,134.7,446,895,"1,341","3,565","92,405","9,949","3,839"
00CK,North East,North Tyneside,95.9,5.4,101.4,324,498,822,"3,377","91,745","8,108","3,565"
00EM,North East,Northumberland,150.8,13.1,163.8,591,929,"1,520","3,919","71,158","9,276","4,275"
00EE,North East,Redcar and Cleveland,62.7,3.6,66.4,221,716,936,"3,517","196,742","14,108","3,723"
00CL,North East,South Tyneside,70.2,3.9,74.0,226,237,463,"3,221","61,183","6,256","3,380"
00EF,North East,Stockton-on-Tees,83.4,5.2,88.5,300,760,"1,060","3,600","147,526","11,974","3,809"
00CM,North East,Sunderland,125.8,7.6,133.4,429,803,"1,232","3,413","105,272","9,235","3,602"
16UB,North West,Allerdale,44.8,5.2,50.1,188,395,583,"4,188","75,395","11,639","4,448"
16UC,North West,Barrow-in-Furness,32.8,2.1,34.9,116,246,362,"3,545","118,796","10,380","3,751"
00EX,North West,Blackburn with Darwen,59.4,4.9,64.3,231,403,634,"3,886","82,343","9,853","4,056"
00EY,North West,Blackpool,67.3,6.5,73.9,273,285,558,"4,053","43,566","7,553","4,261"
00BL,North West,Bolton,122.2,7.8,130.0,473,493,966,"3,868","63,526","7,430","4,085"
30UD,North West,Burnley,40.0,3.1,43.0,146,187,333,"3,666","60,699","7,741","3,934"
00BM,North West,Bury,81.9,5.3,87.2,326,348,673,"3,974","65,938","7,722","4,186"
16UD,North West,Carlisle,49.1,5.0,54.1,199,391,590,"4,054","78,685","10,902","4,148"
00EQ,North West,Cheshire East,163.9,13.7,177.6,726,"1,050","1,776","4,430","76,477","9,999","4,562"
00EW,North West,Cheshire West and Chester,146.4,11.2,157.6,603,"1,476","2,079","4,117","131,603","13,185","4,279"
30UE,North West,Chorley,46.4,3.2,49.7,190,176,366,"4,082","54,656","7,367","4,219"
16UE,North West,Copeland,32.5,2.7,35.2,134,88,223,"4,131","33,001","6,327","4,410"
16UF,North West,Eden,24.5,4.3,28.8,127,217,345,"5,207","50,652","11,981","5,543"
30UF,North West,Fylde,36.4,3.1,39.5,158,227,384,"4,328","72,762","9,717","4,508"
00ET,North West,Halton,54.1,3.4,57.6,205,454,659,"3,783","132,371","11,452","3,863"
30UG,North West,Hyndburn,36.1,2.9,39.0,132,162,294,"3,672","55,511","7,552","3,886"
00BX,North West,Knowsley,64.0,2.7,66.8,242,553,795,"3,785","201,277","11,909","3,970"
30UH,North West,Lancaster,60.9,5.4,66.3,241,306,548,"3,968","56,489","8,265","4,201"
00BY,North West,Liverpool,211.1,13.9,225.0,770,"1,231","2,001","3,649","88,750","8,894","3,761"
00BN,North West,Manchester,216.8,17.3,234.1,836,"1,763","2,599","3,858","101,898","11,105","4,130"
00BP,North West,Oldham,93.9,6.2,100.1,346,424,770,"3,688","68,459","7,693","3,879"
30UJ,North West,Pendle,39.4,3.2,42.6,147,209,356,"3,726","66,202","8,358","3,952"
30UK,North West,Preston,59.2,5.5,64.7,232,400,632,"3,924","73,204","9,779","4,062"
30UL,North West,Ribble Valley,24.4,2.7,27.1,115,312,427,"4,728","113,985","15,765","4,777"
00BQ,North West,Rochdale,90.9,5.9,96.8,346,465,811,"3,810","78,154","8,378","3,977"
30UM,North West,Rossendale,30.9,2.5,33.4,124,212,336,"4,014","83,973","10,063","4,285"
00BR,North West,Salford,110.0,7.6,117.5,435,594,"1,030","3,957","78,711","8,758","4,241"
00CA,North West,Sefton,125.2,7.7,132.9,485,532,"1,017","3,875","69,008","7,655","4,119"
16UG,North West,South Lakeland,53.4,7.3,60.7,247,265,512,"4,628","36,545","8,448","5,310"
30UN,North West,South Ribble,47.4,3.2,50.6,191,235,426,"4,019","72,832","8,412","4,148"
00BZ,North West,St. Helens,78.2,4.4,82.6,286,512,798,"3,656","116,449","9,658","3,792"
00BS,North West,Stockport,127.0,8.7,135.7,514,578,"1,093","4,052","66,285","8,055","4,241"
00BT,North West,Tameside,99.5,6.2,105.8,369,436,805,"3,709","69,814","7,611","3,909"
00BU,North West,Trafford,97.4,7.8,105.2,406,760,"1,166","4,169","97,139","11,080","4,317"
00EU,North West,Warrington,88.3,6.0,94.3,345,544,888,"3,905","90,867","9,425","4,062"
30UP,North West,West Lancashire,47.2,3.7,50.9,210,264,475,"4,459","70,838","9,328","4,639"
00BW,North West,Wigan,140.1,8.1,148.2,521,630,"1,151","3,722","77,683","7,767","3,837"
00CB,North West,Wirral,147.3,8.6,155.9,561,553,"1,114","3,805","64,397","7,142","4,004"
30UQ,North West,Wyre,49.0,4.1,53.1,207,233,440,"4,219","57,146","8,286","4,374"
00CC,Yorkshire and The Humber,Barnsley,106.0,6.6,112.6,366,471,837,"3,454","71,513","7,435","3,647"
00CX,Yorkshire and The Humber,Bradford,210.1,14.9,225.1,808,"1,134","1,942","3,844","75,923","8,627","4,084"
00CY,Yorkshire and The Humber,Calderdale,93.8,7.1,100.9,366,524,889,"3,903","73,718","8,819","4,151"
36UB,Yorkshire and The Humber,Craven,26.4,3.5,29.9,117,146,263,"4,438","41,556","8,792","4,761"
00CE,Yorkshire and The Humber,Doncaster,130.8,8.7,139.5,475,781,"1,256","3,633","89,468","9,003","3,778"
00FB,Yorkshire and The Humber,East Riding of Yorkshire,151.1,12.5,163.6,619,"1,012","1,631","4,096","81,268","9,969","4,327"
36UC,Yorkshire and The Humber,Hambleton,39.5,5.2,44.6,179,309,488,"4,544","59,798","10,938","4,686"
36UD,Yorkshire and The Humber,Harrogate,70.2,7.9,78.1,314,527,841,"4,470","67,042","10,769","4,677"
00FA,Yorkshire and The Humber,"Kingston upon Hull, City of",118.6,8.1,126.7,407,719,"1,126","3,430","88,918","8,887","3,652"
00CZ,Yorkshire and The Humber,Kirklees,180.4,12.7,193.1,673,936,"1,609","3,731","73,790","8,333","3,898"
00DA,Yorkshire and The Humber,Leeds,339.8,24.0,363.8,"1,318","2,204","3,522","3,878","91,919","9,683","4,145"
00FC,Yorkshire and The Humber,North East Lincolnshire,71.8,4.7,76.6,266,602,868,"3,710","126,924","11,341","3,844"
00FD,Yorkshire and The Humber,North Lincolnshire,73.2,5.8,79.0,280,"1,019","1,299","3,819","176,458","16,443","3,974"
36UE,Yorkshire and The Humber,Richmondshire,22.8,2.9,25.7,104,129,233,"4,557","45,155","9,079","5,030"
00CF,Yorkshire and The Humber,Rotherham,113.6,6.9,120.5,403,705,"1,108","3,545","101,962","9,191","3,733"
36UF,Yorkshire and The Humber,Ryedale,24.5,3.8,28.3,113,187,300,"4,607","49,641","10,603","5,005"
36UG,Yorkshire and The Humber,Scarborough,57.4,6.1,63.4,217,305,522,"3,787","50,123","8,229","4,408"
36UH,Yorkshire and The Humber,Selby,36.4,3.2,39.5,162,381,542,"4,446","120,274","13,720","4,687"
00CG,Yorkshire and The Humber,Sheffield,236.5,16.7,253.3,836,"1,616","2,453","3,536","96,653","9,684","3,658"
00DB,Yorkshire and The Humber,Wakefield,148.0,10.1,158.1,530,"1,054","1,584","3,585","103,893","10,019","3,797"
00FF,Yorkshire and The Humber,York,87.4,7.0,94.3,330,479,810,"3,779","68,848","8,581","3,975"
17UB,East Midlands,Amber Valley,55.1,4.0,59.0,222,376,597,"4,025","94,906","10,118","4,222"
37UB,East Midlands,Ashfield,52.6,3.0,55.7,197,343,540,"3,735","113,688","9,700","3,881"
37UC,East Midlands,Bassetlaw,50.3,4.2,54.4,206,329,535,"4,100","78,889","9,827","4,337"
31UB,East Midlands,Blaby,39.6,2.2,41.8,160,217,377,"4,050","97,116","9,016","4,151"
17UC,East Midlands,Bolsover,34.4,1.9,36.3,125,190,315,"3,634","100,459","8,684","3,826"
32UB,East Midlands,Boston,28.6,2.5,31.1,124,198,322,"4,320","80,604","10,359","4,553"
37UD,East Midlands,Broxtowe,49.1,3.0,52.1,185,165,350,"3,768","55,821","6,716","3,961"
31UC,East Midlands,Charnwood,69.4,5.0,74.4,272,404,677,"3,925","80,445","9,093","4,108"
17UD,East Midlands,Chesterfield,48.4,4.0,52.3,167,211,377,"3,450","52,935","7,210","3,588"
34UB,East Midlands,Corby,26.7,2.1,28.8,100,338,438,"3,747","161,126","15,238","3,977"
34UC,East Midlands,Daventry,33.7,3.1,36.9,170,254,424,"5,036","81,737","11,503","5,373"
00FK,East Midlands,Derby,107.7,7.4,115.1,398,709,"1,107","3,695","95,840","9,618","3,925"
17UF,East Midlands,Derbyshire Dales,33.1,4.5,37.6,150,256,406,"4,530","57,446","10,803","4,883"
32UC,East Midlands,East Lindsey,65.1,7.4,72.6,300,373,673,"4,608","50,018","9,267","4,932"
34UD,East Midlands,East Northamptonshire,37.5,2.7,40.2,167,171,338,"4,440","63,259","8,393","4,687"
17UG,East Midlands,Erewash,50.4,3.4,53.8,191,219,410,"3,792","63,625","7,620","3,944"
37UE,East Midlands,Gedling,51.5,2.5,54.0,205,154,359,"3,986","61,662","6,655","4,170"
31UD,East Midlands,Harborough,36.0,3.5,39.4,168,195,363,"4,660","56,508","9,203","4,797"
17UH,East Midlands,High Peak,40.5,3.5,44.0,166,587,754,"4,107","168,919","17,140","4,284"
31UE,East Midlands,Hinckley and Bosworth,47.4,3.5,50.9,193,225,418,"4,061","65,149","8,204","4,253"
34UE,East Midlands,Kettering,41.7,3.0,44.7,168,244,412,"4,025","82,554","9,223","4,246"
00FN,East Midlands,Leicester,128.2,11.8,140.0,456,942,"1,398","3,556","79,914","9,984","3,740"
32UD,East Midlands,Lincoln,42.6,3.3,45.9,148,262,410,"3,484","78,364","8,932","3,776"
37UF,East Midlands,Mansfield,47.3,2.9,50.2,167,206,373,"3,530","70,725","7,434","3,739"
31UG,East Midlands,Melton,22.3,2.1,24.4,100,138,237,"4,473","65,321","9,717","4,658"
37UG,East Midlands,Newark and Sherwood,51.3,4.4,55.6,213,379,592,"4,162","86,969","10,646","4,386"
17UJ,East Midlands,North East Derbyshire,43.8,2.8,46.6,167,242,408,"3,801","86,043","8,756","3,872"
32UE,East Midlands,North Kesteven,48.2,3.8,51.9,207,257,465,"4,305","68,201","8,949","4,501"
31UH,East Midlands,North West Leicestershire,40.5,3.3,43.9,173,368,541,"4,269","110,958","12,342","4,430"
34UF,East Midlands,Northampton,94.5,6.6,101.1,368,586,954,"3,892","89,158","9,437","4,175"
00FY,East Midlands,Nottingham,130.6,11.1,141.7,479,838,"1,317","3,666","75,318","9,288","3,856"
31UJ,East Midlands,Oadby and Wigston,22.8,1.4,24.2,88,102,190,"3,865","71,875","7,841","4,132"
37UJ,East Midlands,Rushcliffe,47.5,3.1,50.6,201,218,419,"4,231","70,955","8,284","4,395"
00FP,East Midlands,Rutland,16.0,1.7,17.7,76,280,357,"4,761","165,752","20,151","5,058"
17UK,East Midlands,South Derbyshire,39.1,2.6,41.7,166,329,494,"4,234","128,252","11,855","4,255"
32UF,East Midlands,South Holland,39.4,3.7,43.0,180,270,450,"4,575","73,681","10,464","4,831"
32UG,East Midlands,South Kesteven,60.3,5.2,65.6,268,404,672,"4,436","77,449","10,247","4,678"
34UG,East Midlands,South Northamptonshire,37.1,3.0,40.1,187,202,389,"5,046","67,135","9,699","5,389"
34UH,East Midlands,Wellingborough,33.5,2.6,36.1,132,211,344,"3,957","80,448","9,524","4,152"
32UH,East Midlands,West Lindsey,40.6,3.9,44.5,175,205,380,"4,296","53,283","8,537","4,557"
00CN,West Midlands,Birmingham,424.1,34.8,458.8,"1,688","2,634","4,323","3,982","75,779","9,421","4,141"
47UB,West Midlands,Bromsgrove,39.3,3.2,42.5,177,145,322,"4,507","45,660","7,581","4,634"
41UB,West Midlands,Cannock Chase,41.5,3.1,44.6,168,174,342,"4,053","56,354","7,665","4,153"
00CQ,West Midlands,Coventry,135.5,8.3,143.7,515,735,"1,250","3,801","88,924","8,694","4,037"
00CR,West Midlands,Dudley,134.2,9.5,143.7,526,598,"1,124","3,920","62,724","7,821","4,064"
41UC,West Midlands,East Staffordshire,48.7,4.3,53.0,203,489,692,"4,168","114,038","13,071","4,308"
00GA,West Midlands,"Herefordshire, County of",81.0,10.1,91.0,375,600,975,"4,629","59,737","10,714","4,795"
41UD,West Midlands,Lichfield,42.6,3.5,46.2,188,252,440,"4,410","71,274","9,524","4,556"
47UC,West Midlands,Malvern Hills,33.4,3.4,36.7,159,133,291,"4,763","39,554","7,937","4,938"
41UE,West Midlands,Newcastle-under-Lyme,53.9,3.5,57.4,207,248,455,"3,844","70,468","7,928","3,951"
44UB,West Midlands,North Warwickshire,27.1,2.5,29.7,122,400,522,"4,506","159,204","17,600","4,745"
44UC,West Midlands,Nuneaton and Bedworth,55.3,3.3,58.6,219,231,451,"3,966","69,983","7,690","4,179"
47UD,West Midlands,Redditch,35.1,2.3,37.4,139,230,368,"3,954","97,870","9,837","4,024"
44UD,West Midlands,Rugby,43.8,3.4,47.2,188,474,662,"4,293","139,559","14,033","4,497"
00CS,West Midlands,Sandwell,128.1,10.1,138.1,481,896,"1,377","3,759","89,045","9,970","3,982"
00GG,West Midlands,Shropshire,133.2,15.7,148.9,598,880,"1,479","4,492","56,189","9,933","4,610"
00CT,West Midlands,Solihull,88.7,5.3,93.9,393,590,983,"4,434","112,406","10,470","4,580"
41UF,West Midlands,South Staffordshire,45.3,2.9,48.3,195,220,415,"4,296","75,110","8,588","4,372"
41UG,West Midlands,Stafford,56.1,4.8,60.9,239,342,581,"4,265","71,691","9,540","4,308"
41UH,West Midlands,Staffordshire Moorlands,42.9,3.7,46.6,179,327,506,"4,170","89,663","10,874","4,287"
00GL,West Midlands,Stoke-on-Trent,111.0,7.8,118.8,398,595,993,"3,588","76,549","8,360","3,736"
44UE,West Midlands,Stratford-on-Avon,53.9,6.0,59.9,277,340,616,"5,136","56,713","10,298","5,324"
41UK,West Midlands,Tamworth,32.1,2.1,34.2,135,182,317,"4,212","88,114","9,286","4,299"
00GF,West Midlands,Telford and Wrekin,68.8,5.1,73.9,266,637,902,"3,864","124,244","12,206","4,012"
00CU,West Midlands,Walsall,111.3,8.4,119.7,444,581,"1,025","3,988","69,502","8,560","4,141"
44UF,West Midlands,Warwick,60.6,5.6,66.3,259,424,684,"4,277","75,457","10,319","4,439"
00CW,West Midlands,Wolverhampton,105.2,8.3,113.5,412,648,"1,060","3,919","77,978","9,338","4,064"
47UE,West Midlands,Worcester,43.4,3.4,46.8,169,276,445,"3,889","80,495","9,502","4,043"
47UF,West Midlands,Wychavon,51.0,5.1,56.2,244,370,614,"4,780","71,841","10,925","4,932"
47UG,West Midlands,Wyre Forest,43.9,3.3,47.1,182,214,395,"4,142","64,986","8,385","4,234"
42UB,East,Babergh,38.9,3.7,42.6,190,212,402,"4,887","57,284","9,441","5,076"
22UB,East,Basildon,75.6,5.6,81.2,324,442,766,"4,292","78,985","9,440","4,473"
00KB,East,Bedford,67.8,5.5,73.3,283,389,672,"4,168","70,632","9,166","4,443"
22UC,East,Braintree,62.5,5.4,67.9,287,268,556,"4,599","49,953","8,191","4,718"
33UB,East,Breckland,57.6,5.5,63.1,273,310,583,"4,734","55,950","9,235","5,000"
22UD,East,Brentwood,32.3,2.6,35.0,153,158,311,"4,726","60,024","8,889","4,982"
33UC,East,Broadland,55.1,3.8,58.8,243,242,485,"4,420","64,179","8,251","4,562"
26UB,East,Broxbourne,40.0,3.0,43.0,175,248,423,"4,373","83,423","9,838","4,661"
12UB,East,Cambridge,48.6,5.4,54.0,182,532,714,"3,750","98,313","13,222","3,951"
22UE,East,Castle Point,37.4,2.2,39.6,168,90,258,"4,475","41,247","6,506","4,591"
00KC,East,Central Bedfordshire,108.6,8.0,116.6,479,528,"1,007","4,409","66,058","8,638","4,585"
22UF,East,Chelmsford,71.5,5.5,77.0,333,423,756,"4,661","76,517","9,818","4,800"
22UG,East,Colchester,75.7,6.4,82.1,323,373,695,"4,261","58,651","8,470","4,525"
26UC,East,Dacorum,61.7,5.0,66.6,266,298,564,"4,315","59,698","8,460","4,449"
12UC,East,East Cambridgeshire,36.3,3.3,39.6,168,203,371,"4,630","61,321","9,365","4,860"
26UD,East,East Hertfordshire,59.7,5.3,64.9,291,278,570,"4,878","53,006","8,772","5,155"
22UH,East,Epping Forest,54.6,5.0,59.6,267,210,477,"4,886","42,394","8,009","5,138"
12UD,East,Fenland,42.6,3.8,46.4,188,288,476,"4,423","76,373","10,270","4,651"
42UC,East,Forest Heath,27.5,2.7,30.3,134,264,398,"4,860","96,623","13,153","5,316"
33UD,East,Great Yarmouth,44.7,4.1,48.8,191,200,391,"4,268","48,512","8,005","4,541"
22UJ,East,Harlow,36.1,2.8,38.9,135,269,404,"3,748","95,904","10,406","3,928"
26UE,East,Hertsmere,41.2,3.4,44.6,193,291,484,"4,693","85,416","10,850","4,872"
12UE,East,Huntingdonshire,72.3,6.5,78.8,316,531,848,"4,378","82,070","10,765","4,576"
42UD,East,Ipswich,59.4,4.6,64.0,229,301,529,"3,851","64,865","8,267","4,025"
33UE,East,King's Lynn and West Norfolk,70.8,6.3,77.1,347,749,"1,096","4,899","118,298","14,209","5,509"
00KA,East,Luton,76.3,5.1,81.4,296,431,728,"3,885","83,831","8,938","4,007"
22UK,East,Maldon,26.9,2.5,29.4,139,151,290,"5,171","59,525","9,855","5,377"
42UE,East,Mid Suffolk,42.0,4.0,46.0,215,276,491,"5,120","68,230","10,657","5,334"
26UF,East,North Hertfordshire,55.4,5.2,60.6,239,262,502,"4,324","50,776","8,288","4,496"
33UF,East,North Norfolk,53.8,5.6,59.4,254,249,502,"4,716","44,226","8,453","5,510"
33UG,East,Norwich,63.8,6.7,70.5,209,394,604,"3,284","58,792","8,565","3,516"
00JA,East,Peterborough,77.5,6.3,83.9,300,630,930,"3,864","99,436","11,087","4,067"
22UL,East,Rochford,34.5,2.3,36.8,156,132,288,"4,517","58,040","7,829","4,638"
12UG,East,South Cambridgeshire,62.5,5.3,67.8,300,418,718,"4,805","79,111","10,596","5,000"
33UH,East,South Norfolk,55.6,4.8,60.4,267,276,544,"4,810","57,558","9,005","5,060"
00KF,East,Southend-on-Sea,79.0,6.5,85.5,315,303,618,"3,980","46,700","7,224","4,229"
26UG,East,St Albans,58.5,4.6,63.1,261,252,514,"4,469","54,715","8,143","4,669"
42UF,East,St Edmundsbury,46.6,4.5,51.1,208,291,499,"4,468","64,974","9,764","4,552"
26UH,East,Stevenage,35.7,2.5,38.1,134,308,442,"3,757","124,681","11,604","3,856"
42UG,East,Suffolk Coastal,58.5,5.4,64.0,277,288,565,"4,730","52,916","8,826","5,166"
22UN,East,Tendring,67.6,5.2,72.8,283,223,506,"4,185","42,549","6,944","4,563"
26UJ,East,Three Rivers,36.3,2.5,38.8,173,145,318,"4,764","57,306","8,187","4,906"
00KG,East,Thurrock,65.5,4.2,69.8,286,529,815,"4,367","124,395","11,675","4,609"
22UQ,East,Uttlesford,33.5,3.5,37.0,174,226,400,"5,198","64,812","10,817","5,540"
26UK,East,Watford,38.3,3.5,41.7,153,311,464,"3,997","89,842","11,119","4,195"
42UH,East,Waveney,55.2,4.5,59.6,222,341,564,"4,033","76,372","9,451","4,383"
26UL,East,Welwyn Hatfield,46.0,3.4,49.3,193,419,612,"4,196","124,249","12,403","4,426"
00AB,London,Barking and Dagenham,73.4,5.4,78.8,282,433,716,"3,848","80,463","9,087","4,069"
00AC,London,Barnet,142.1,11.7,153.8,645,549,"1,194","4,540","47,000","7,768","4,760"
00AD,London,Bexley,95.4,6.6,102.0,398,385,783,"4,169","58,713","7,674","4,299"
00AE,London,Brent,112.6,13.2,125.8,439,594,"1,033","3,903","44,964","8,214","3,991"
00AF,London,Bromley,135.7,10.8,146.5,585,450,"1,035","4,309","41,797","7,064","4,481"
00AG,London,Camden,100.2,26.0,126.2,364,"1,402","1,765","3,629","53,805","13,984","3,767"
00AA,London,City of London,5.8,7.0,12.8,26,"2,359","2,385","4,421","334,855","185,932","6,244"
00AH,London,Croydon,146.7,11.8,158.5,619,691,"1,310","4,217","58,622","8,261","4,283"
00AJ,London,Ealing,129.6,11.9,141.6,498,881,"1,379","3,838","73,873","9,738","4,024"
00AK,London,Enfield,124.2,8.5,132.7,519,497,"1,016","4,182","58,439","7,656","4,345"
00AL,London,Greenwich,105.5,8.7,114.2,386,373,758,"3,655","42,679","6,640","3,833"
00AM,London,Hackney,101.2,16.3,117.5,355,471,826,"3,504","28,951","7,028","3,513"
00AN,London,Hammersmith and Fulham,82.3,13.4,95.7,291,733,"1,024","3,536","54,651","10,695","3,651"
00AP,London,Haringey,104.7,9.0,113.7,387,395,782,"3,695","43,723","6,876","3,811"
00AQ,London,Harrow,87.0,5.9,92.8,368,255,623,"4,230","43,595","6,713","4,352"
00AR,London,Havering,100.1,7.0,107.1,425,400,825,"4,244","57,146","7,704","4,375"
00AS,London,Hillingdon,106.6,7.9,114.5,442,"1,050","1,492","4,149","132,108","13,028","4,409"
00AT,London,Hounslow,97.8,8.2,106.0,395,995,"1,390","4,036","121,703","13,112","4,171"
00AU,London,Islington,98.2,17.8,116.0,324,898,"1,222","3,294","50,463","10,529","3,490"
00AW,London,Kensington and Chelsea,88.5,18.3,106.8,384,"1,272","1,656","4,343","69,474","15,507","4,971"
00AX,London,Kingston upon Thames,65.1,6.2,71.3,280,324,604,"4,296","51,893","8,465","4,421"
00AY,London,Lambeth,134.4,17.4,151.8,455,680,"1,135","3,390","39,028","7,480","3,527"
00AZ,London,Lewisham,119.0,11.3,130.2,429,334,764,"3,609","29,685","5,865","3,723"
00BA,London,Merton,81.4,7.4,88.7,327,469,795,"4,015","63,667","8,964","4,173"
00BB,London,Newham,103.9,9.8,113.7,386,973,"1,359","3,716","99,517","11,958","3,786"
00BC,London,Redbridge,101.2,8.0,109.1,423,281,704,"4,181","35,269","6,448","4,254"
00BD,London,Richmond upon Thames,82.1,8.3,90.4,354,346,699,"4,306","41,884","7,738","4,456"
00BE,London,Southwark,127.7,17.5,145.2,462,"1,130","1,592","3,619","64,694","10,970","3,878"
00BF,London,Sutton,80.2,6.1,86.4,347,346,693,"4,318","56,689","8,021","4,443"
00BG,London,Tower Hamlets,108.6,15.6,124.2,402,"2,362","2,764","3,699","151,644","22,262","3,987"
00BH,London,Waltham Forest,98.0,8.7,106.7,370,365,735,"3,771","42,148","6,888","3,816"
00BJ,London,Wandsworth,135.5,15.8,151.2,509,475,984,"3,754","30,144","6,505","3,931"
00BK,London,Westminster,121.4,41.2,162.6,501,"3,403","3,904","4,125","82,562","24,006","4,773"
45UB,South East,Adur,27.7,2.1,29.8,115,100,215,"4,167","48,122","7,232","4,288"
45UC,South East,Arun,71.0,5.6,76.6,292,220,512,"4,106","39,267","6,676","4,372"
29UB,South East,Ashford,49.9,5.0,54.9,228,262,490,"4,568","52,244","8,932","4,772"
11UB,South East,Aylesbury Vale,73.0,5.9,78.9,339,301,640,"4,645","50,627","8,103","4,893"
24UB,South East,Basingstoke and Deane,72.8,5.5,78.3,321,598,919,"4,413","108,985","11,736","4,647"
00MA,South East,Bracknell Forest,46.3,2.9,49.1,208,332,540,"4,501","115,789","11,001","4,555"
00ML,South East,Brighton and Hove,125.0,14.0,138.9,468,556,"1,024","3,749","39,821","7,374","3,891"
29UC,South East,Canterbury,63.6,5.9,69.5,258,320,579,"4,059","54,538","8,329","4,269"
38UB,South East,Cherwell,59.4,5.5,65.0,277,474,750,"4,656","85,592","11,549","4,895"
45UD,South East,Chichester,55.9,6.2,62.2,269,314,584,"4,814","50,426","9,390","5,400"
11UC,South East,Chiltern,38.3,3.1,41.5,198,148,346,"5,175","46,900","8,343","5,381"
45UE,South East,Crawley,42.9,3.2,46.1,170,468,638,"3,960","145,426","13,840","3,995"
29UD,South East,Dartford,40.9,3.6,44.5,167,288,455,"4,074","80,113","10,211","4,187"
29UE,South East,Dover,49.9,4.3,54.2,190,233,423,"3,812","53,615","7,795","3,952"
24UC,South East,East Hampshire,50.1,4.7,54.9,242,228,470,"4,827","48,099","8,564","5,120"
21UC,South East,Eastbourne,47.1,4.6,51.7,176,207,383,"3,725","45,081","7,399","3,921"
24UD,South East,Eastleigh,52.8,3.4,56.2,213,318,531,"4,037","92,605","9,450","4,089"
43UB,South East,Elmbridge,55.2,5.0,60.2,294,281,575,"5,336","55,721","9,553","5,572"
43UC,South East,Epsom and Ewell,30.5,2.1,32.6,138,104,241,"4,506","49,128","7,387","4,625"
24UE,South East,Fareham,48.4,3.3,51.7,195,256,451,"4,025","78,587","8,715","4,178"
24UF,South East,Gosport,37.0,2.2,39.2,142,140,282,"3,833","63,949","7,202","4,023"
29UG,South East,Gravesham,41.4,3.0,44.4,172,213,385,"4,140","70,989","8,652","4,267"
43UD,South East,Guildford,56.0,5.3,61.3,270,376,646,"4,823","71,554","10,543","5,026"
24UG,South East,Hart,37.1,2.8,39.9,176,175,351,"4,753","62,290","8,805","4,954"
21UD,South East,Hastings,41.9,4.0,45.9,165,161,325,"3,927","39,963","7,086","4,034"
24UH,South East,Havant,53.6,3.3,56.9,214,207,421,"3,988","63,408","7,390","4,181"
45UF,South East,Horsham,55.9,5.7,61.6,277,285,561,"4,944","50,385","9,116","5,039"
00MW,South East,Isle of Wight,70.2,7.3,77.5,277,264,541,"3,938","36,266","6,976","4,537"
21UF,South East,Lewes,43.6,3.9,47.5,189,152,341,"4,349","38,542","7,180","4,494"
29UH,South East,Maidstone,65.4,6.0,71.3,290,407,697,"4,439","68,443","9,779","4,578"
00LC,South East,Medway,109.9,7.3,117.2,444,432,876,"4,037","58,794","7,469","4,188"
45UG,South East,Mid Sussex,58.6,5.3,63.9,267,263,530,"4,557","49,787","8,293","4,654"
00MG,South East,Milton Keynes,102.1,7.4,109.5,414,931,"1,345","4,052","125,360","12,280","4,219"
43UE,South East,Mole Valley,35.9,3.8,39.6,183,258,440,"5,102","68,412","11,117","5,107"
24UJ,South East,New Forest,81.1,7.2,88.2,345,442,786,"4,252","61,595","8,913","4,486"
38UC,South East,Oxford,57.8,6.3,64.1,227,667,894,"3,932","105,145","13,940","4,165"
00MR,South East,Portsmouth,89.1,7.0,96.1,325,684,"1,009","3,654","97,151","10,502","3,817"
00MC,South East,Reading,66.8,6.3,73.1,271,519,789,"4,051","82,153","10,796","4,358"
43UF,South East,Reigate and Banstead,57.4,4.9,62.3,269,355,624,"4,681","72,739","10,012","4,858"
21UG,South East,Rother,44.3,4.6,48.9,203,158,361,"4,595","34,146","7,384","4,973"
43UG,South East,Runnymede,33.5,3.0,36.5,161,263,424,"4,795","87,995","11,608","4,939"
24UL,South East,Rushmoor,37.8,2.9,40.7,151,260,411,"3,992","90,560","10,105","4,156"
29UK,South East,Sevenoaks,48.2,4.8,53.0,253,230,482,"5,245","47,818","9,111","5,366"
29UL,South East,Shepway,48.9,4.8,53.7,202,258,460,"4,135","53,788","8,575","4,268"
00MD,South East,Slough,51.1,4.5,55.6,203,758,961,"3,966","170,421","17,296","4,018"
11UE,South East,South Bucks,27.9,2.8,30.7,151,204,355,"5,437","72,420","11,581","5,707"
38UD,South East,South Oxfordshire,58.5,5.8,64.4,295,462,757,"5,048","78,933","11,759","5,456"
00MS,South East,Southampton,104.0,8.5,112.6,414,601,"1,014","3,977","70,330","9,012","4,268"
43UH,South East,Spelthorne,41.2,3.1,44.3,178,460,638,"4,324","148,674","14,396","4,515"
43UJ,South East,Surrey Heath,35.0,2.8,37.8,169,256,425,"4,831","91,707","11,255","5,047"
29UM,South East,Swale,57.5,4.8,62.3,242,722,964,"4,207","149,595","15,478","4,356"
43UK,South East,Tandridge,34.7,3.4,38.2,180,137,317,"5,170","39,911","8,298","5,386"
24UN,South East,Test Valley,50.4,5.2,55.6,240,314,554,"4,766","60,443","9,964","5,048"
29UN,South East,Thanet,64.8,5.4,70.2,249,261,510,"3,842","48,404","7,271","4,203"
29UP,South East,Tonbridge and Malling,49.3,4.1,53.4,224,334,559,"4,552","80,923","10,461","4,666"
29UQ,South East,Tunbridge Wells,47.7,5.4,53.0,231,303,534,"4,846","56,458","10,071","4,920"
38UE,South East,Vale of White Horse,52.6,5.0,57.6,244,380,623,"4,629","75,467","10,813","4,914"
43UL,South East,Waverley,51.8,5.0,56.8,258,195,453,"4,979","38,989","7,973","5,236"
21UH,South East,Wealden,64.9,6.5,71.4,326,218,544,"5,022","33,427","7,614","5,194"
00MB,South East,West Berkshire,66.0,6.8,72.8,337,467,804,"5,103","68,501","11,041","5,422"
38UF,South East,West Oxfordshire,47.3,5.0,52.3,229,291,519,"4,844","58,045","9,940","5,284"
24UP,South East,Winchester,49.7,5.7,55.4,234,416,649,"4,701","72,367","11,713","4,991"
00ME,South East,Windsor and Maidenhead,61.7,6.4,68.0,298,450,748,"4,826","70,813","10,997","5,109"
43UM,South East,Woking,40.5,3.3,43.8,193,351,545,"4,779","105,032","12,436","4,920"
00MF,South East,Wokingham,62.8,4.0,66.8,294,391,685,"4,687","96,893","10,254","4,883"
45UH,South East,Worthing,48.3,4.1,52.4,197,201,399,"4,079","49,619","7,607","4,204"
11UF,South East,Wycombe,70.9,6.7,77.5,333,383,717,"4,701","57,643","9,244","4,922"
00HA,South West,Bath and North East Somerset,78.5,8.4,86.9,332,363,694,"4,229","42,971","7,990","4,541"
00HN,South West,Bournemouth,87.3,8.7,96.0,336,388,724,"3,851","44,362","7,538","4,097"
00HB,South West,"Bristol, City of",192.4,17.4,209.8,719,"1,186","1,904","3,734","68,352","9,078","3,972"
23UB,South West,Cheltenham,54.5,4.3,58.8,214,352,566,"3,920","81,776","9,628","4,225"
19UC,South West,Christchurch,23.4,1.9,25.3,90,116,205,"3,833","60,133","8,112","4,166"
00HE,South West,Cornwall,259.3,31.2,290.4,"1,281","1,339","2,620","4,939","42,980","9,021","5,565"
23UC,South West,Cotswold,41.0,5.8,46.8,220,203,423,"5,368","34,960","9,035","6,072"
18UB,South West,East Devon,63.3,6.8,70.1,268,232,500,"4,244","33,883","7,136","4,526"
19UD,South West,East Dorset,39.0,3.5,42.5,176,143,320,"4,524","41,243","7,532","4,683"
18UC,South West,Exeter,51.6,5.2,56.8,191,378,569,"3,705","72,440","10,024","3,919"
23UD,South West,Forest of Dean,36.4,3.3,39.7,174,254,428,"4,782","77,676","10,797","5,086"
23UE,South West,Gloucester,52.9,3.8,56.8,207,380,587,"3,917","99,155","10,346","4,144"
00HF,South West,Isles of Scilly,1.2,0.5,1.6,8,8,16,"6,620","17,517","9,739","7,638"
40UB,South West,Mendip,49.2,5.9,55.1,218,318,536,"4,434","53,480","9,727","4,737"
18UD,South West,Mid Devon,33.5,4.6,38.1,160,197,357,"4,786","42,652","9,370","4,911"
18UE,South West,North Devon,42.9,6.3,49.2,190,271,461,"4,424","42,911","9,369","4,748"
19UE,South West,North Dorset,31.4,3.8,35.1,144,137,281,"4,598","36,378","8,000","5,013"
00HC,South West,North Somerset,92.2,7.8,100.0,376,411,787,"4,074","52,717","7,864","4,266"
00HG,South West,Plymouth,115.8,8.2,124.0,428,669,"1,098","3,700","81,438","8,854","3,942"
00HP,South West,Poole,68.1,5.9,74.1,270,437,706,"3,956","73,794","9,538","4,248"
19UG,South West,Purbeck,22.8,2.7,25.5,93,227,320,"4,097","83,114","12,569","4,746"
40UC,South West,Sedgemoor,51.6,5.3,56.9,234,366,599,"4,525","68,487","10,520","4,790"
00HD,South West,South Gloucestershire,110.1,7.3,117.4,463,722,"1,185","4,207","98,793","10,094","4,316"
18UG,South West,South Hams,43.6,5.9,49.6,207,259,466,"4,742","43,656","9,405","5,602"
40UD,South West,South Somerset,74.3,8.2,82.5,349,438,787,"4,693","53,485","9,540","5,007"
23UF,South West,Stroud,50.5,4.4,54.8,232,322,554,"4,596","73,950","10,103","4,859"
00HX,South West,Swindon,92.0,6.2,98.2,357,739,"1,096","3,878","119,326","11,165","4,063"
40UE,South West,Taunton Deane,49.6,5.0,54.5,211,244,455,"4,261","49,196","8,347","4,511"
18UH,South West,Teignbridge,58.4,6.1,64.5,254,244,498,"4,343","39,836","7,717","4,700"
23UG,South West,Tewkesbury,36.2,3.0,39.2,156,325,481,"4,308","107,572","12,259","4,444"
00HH,South West,Torbay,64.0,5.9,69.9,251,224,476,"3,928","37,767","6,805","4,269"
18UK,South West,Torridge,30.1,4.4,34.6,140,136,276,"4,654","30,755","7,992","5,015"
18UL,South West,West Devon,24.5,3.7,28.2,118,116,234,"4,791","31,450","8,284","5,174"
19UH,South West,West Dorset,50.9,7.2,58.1,231,241,472,"4,536","33,425","8,127","5,205"
40UF,South West,West Somerset,17.6,2.7,20.3,84,161,245,"4,788","60,627","12,095","5,426"
19UJ,South West,Weymouth and Portland,31.3,2.8,34.2,114,104,218,"3,641","36,661","6,373","4,014"
00HY,South West,Wiltshire,208.0,21.3,229.3,995,"1,175","2,169","4,782","55,211","9,462","5,112"
00NA,Wales,Isle of Anglesey,34.4,3.6,38.0,164,154,318,"4,769","42,241","8,358","5,352"
00NC,Wales,Gwynedd,60.9,8.3,69.2,278,287,565,"4,566","34,365","8,157","5,305"
00NE,Wales,Conwy,55.3,6.1,61.3,218,206,424,"3,950","33,917","6,912","4,260"
00NG,Wales,Denbighshire,43.3,4.6,47.9,182,208,389,"4,201","45,008","8,135","4,472"
00NJ,Wales,Flintshire,64.7,5.1,69.8,270,659,929,"4,171","128,256","13,308","4,224"
00NL,Wales,Wrexham,58.0,4.4,62.4,234,771,"1,005","4,034","175,476","16,113","4,093"
00NN,Wales,Powys,60.7,10.9,71.6,273,334,607,"4,498","30,553","8,474","4,671"
00NQ,Wales,Ceredigion,33.2,5.5,38.6,166,205,371,"5,004","37,576","9,611","5,283"
00NS,Wales,Pembrokeshire,58.8,8.1,66.9,244,900,"1,144","4,145","111,280","17,104","4,579"
00NU,Wales,Carmarthenshire,82.2,9.7,91.8,319,555,874,"3,883","57,315","9,512","4,041"
00NX,Wales,Swansea,109.3,7.3,116.6,381,579,960,"3,488","79,331","8,232","3,685"
00NZ,Wales,Neath Port Talbot,64.3,3.9,68.2,221,"1,178","1,399","3,439","300,724","20,524","3,658"
00PB,Wales,Bridgend,61.0,4.5,65.6,220,439,659,"3,606","96,548","10,045","3,757"
00PD,Wales,Vale of Glamorgan,55.1,3.8,58.9,215,319,534,"3,903","83,546","9,068","4,011"
00PT,Wales,Cardiff,149.3,11.1,160.4,541,919,"1,461","3,627","82,666","9,107","3,791"
00PF,Wales,Rhondda Cynon Taf,106.3,6.7,113.0,363,428,791,"3,410","63,902","6,996","3,640"
00PH,Wales,Merthyr Tydfil,26.3,1.7,28.0,89,131,220,"3,382","79,372","7,878","3,667"
00PK,Wales,Caerphilly,77.0,4.9,81.9,270,365,635,"3,501","74,529","7,752","3,621"
00PL,Wales,Blaenau Gwent,31.9,2.1,34.0,106,149,255,"3,320","70,685","7,496","3,477"
00PM,Wales,Torfaen,39.8,2.6,42.4,138,268,407,"3,474","102,269","9,583","3,584"
00PP,Wales,Monmouthshire,40.0,4.3,44.3,167,239,406,"4,177","55,533","9,164","4,362"
00PR,Wales,Newport,63.3,4.2,67.5,228,645,873,"3,607","153,388","12,937","3,724"
00QA,Scotland,Aberdeen City,123.1,7.9,131.0,465,826,"1,292","3,780","104,980","9,863","4,499"
00QB,Scotland,Aberdeenshire,121.3,12.9,134.2,621,618,"1,239","5,122","47,886","9,232","5,916"
00QC,Scotland,Angus,61.2,5.3,66.5,277,283,560,"4,521","53,456","8,421","5,346"
00QD,Scotland,Argyll and Bute,59,7,65,297,227,523,"5,064","33,921","8,020","7,338"
00QF,Scotland,Clackmannanshire,25,1,26,95,236,332,"3,829","173,331","12,628","4,184"
00QH,Scotland,Dumfries and Galloway,82,10,92,358,547,905,"4,384","53,189","9,849","5,257"
00QJ,Scotland,Dundee City,86.8,5.1,91.9,341,425,766,"3,924","82,931","8,332","4,926"
00QK,Scotland,East Ayrshire,57.8,4.3,62.1,210,269,479,"3,633","62,707","7,713","3,892"
00QL,Scotland,East Dunbartonshire,46.4,2.5,48.8,196,189,385,"4,221","76,809","7,872","4,502"
00QM,Scotland,East Lothian,48.4,3.3,51.7,197,240,437,"4,073","71,730","8,443","4,584"
00QN,Scotland,East Renfrewshire,39.4,1.8,41.2,170,112,282,"4,324","63,769","6,851","4,569"
00QP,Scotland,City of Edinburgh,256.4,18.0,274.3,923,"1,570","2,493","3,602","87,313","9,088","4,122"
00RJ,Scotland,Na h-Eileanan Siar,18.7,2.0,20.7,95,64,159,"5,068","32,993","7,710","7,527"
00QQ,Scotland,Falkirk,77.2,4.5,81.7,306,453,759,"3,961","101,383","9,283","4,442"
00QR,Scotland,Fife,179.3,12.6,191.9,677,951,"1,628","3,775","75,441","8,480","4,203"
00QS,Scotland,Glasgow City,330.1,23.5,353.6,"1,114","1,950","3,063","3,374","82,977","8,663","3,895"
00QT,Scotland,Highland,138.1,15.1,153.2,712,985,"1,697","5,154","65,350","11,077","6,952"
00QU,Scotland,Inverclyde,43.0,2.5,45.5,163,201,363,"3,782","79,693","7,985","4,355"
00QW,Scotland,Midlothian,37.1,2.5,39.6,142,161,304,"3,835","64,235","7,665","4,057"
00QX,Scotland,Moray,46.3,4.4,50.7,200,319,519,"4,316","72,488","10,224","4,981"
00QY,Scotland,North Ayrshire,71.9,4.9,76.8,272,490,762,"3,777","100,988","9,923","4,346"
00QZ,Scotland,North Lanarkshire,154.8,8.6,163.4,595,894,"1,489","3,845","103,812","9,114","4,072"
00RA,Scotland,Orkney Islands,13.9,2.2,16.2,84,58,142,"6,013","25,962","8,772","8,591"
00RB,Scotland,Perth and Kinross,79.7,8.1,87.8,388,403,791,"4,863","49,587","9,006","5,971"
00RC,Scotland,Renfrewshire,90.0,5.1,95.1,327,525,852,"3,630","102,682","8,960","4,037"
00QE,Scotland,Scottish Borders,64.5,7.6,72.1,273,315,588,"4,227","41,637","8,155","5,197"
00RD,Scotland,Shetland Islands,17.1,1.8,19.0,104,93,196,"6,064","50,192","10,355","10,401"
00RE,Scotland,South Ayrshire,58.1,4.9,63.1,227,289,516,"3,902","58,626","8,185","4,417"
00RF,Scotland,South Lanarkshire,153.3,9.8,163.1,658,687,"1,344","4,290","70,263","8,244","4,721"
00RG,Scotland,Stirling,43.0,4.4,47.4,198,309,508,"4,615","69,880","10,700","5,273"
00QG,Scotland,West Dunbartonshire,47.6,2.9,50.4,165,231,396,"3,476","80,362","7,860","3,925"
00RH,Scotland,West Lothian,77.3,5.1,82.4,302,588,890,"3,911","114,928","10,799","4,111"
